name,phone,email,mayor,mayor_email
Township of Addington Highlands,(613) 336-2286,info@addingtonhighlands.ca,Henry Hogg,henryh@sympatico.ca
Township of Adelaide Metcalfe,(519) 247-3687,info@adelaidemetcalfe.on.ca,Kurtis Smith,ksmith@adelaidemetcalfe.on.ca
Township of Adjala-Tosorontio,(705) 434-5055,kpearl@adjtos.ca,Floyd Pinto,floydformayor@gmail.com 
Township of Admaston/Bromley,(613) 432-2885,info@admastonbromley.com,Michael Donohue,info@admastonbromley.com
Town of Ajax,(905) 683-4550,contactus@ajax.ca,Shaun Collier,shaun.collier@ajax.ca
Township of Alberton,(807) 274-6053,alberton@jam21.net,Michael Ford,alberton@jam21.net
Township of Alfred and Plantagenet,(613) 673-4797,info@alfred-plantagenet.com,Stéphane Sarrazin,ssarrazin@alfred-plantagenet.com
Township of Algonquin Highlands,(705) 489-2379,info@algonquinhighlands.ca,Carol Moffatt,cmoffatt@algonquinhighlands.ca
Township of Alnwick/Haldimand,(905) 349-2822,alnhald@ahtwp.ca,John Logel,jlogelmayor@ahtwp.ca
Township of Amaranth,(519) 941-1007,township@amaranth-eastgary.ca,Bob Currie,bcurrie@amaranth.ca
Town of Amherstburg,(519) 736-0012,info@amherstburg.ca,Aldo DiCarlo,mayor@amherstburg.ca
Township of Armour ,(705) 382-3332 ,info@armourtownship.ca,Bob Macphail,rmacphail@armourtownship.ca
Township of Armstrong,(705) 563-2375,amyvickerymenard@armstrong.ca,Jean Marc Boileau,mayor@armstrong.ca
Town of Arnprior,(613) 623-4231,arnprior@arnprior.ca,Walter Stack,wstack@arnprior.ca
Municipality of Arran-Elderslie,(519) 363-3039,info@arran-elderslie.ca,Steve Hammell,mayor@arran-elderslie.ca
Township of Ashfield-Colborne-Wawanosh,(519) 524-4669,clerk@acwtownship.ca,Glen McNeil,gmcneil@acwtownship.ca
Township of Asphodel-Norwood,(705) 639-5343,info@asphodelnorwood.com,Rodger Bonneau,info@asphodelnorwood.com
Township of Assiginack,(705) 859-3196,info@assiginack.ca,David Ham,info@assiginack.ca
Township of Athens,(613) 924-2044,athens@myhighspeed.ca,Herb Scott,athens@myhighspeed.ca
Town of Atikokan,(807) 597-1234,info@atikokan.ca,Dennis Brown,dennis.brown@atikokan.ca
Township of Augusta,(613) 925-4231,asimonian@augusta.ca,Doug Malanka,doug.malanka@outlook.com
Town of Aurora,(905) 727-1375,info@aurora.ca,Tom Mrakas,mayor@aurora.ca
Town of Aylmer,(519) 773-3164,jbrick@town.aylmer.on.ca,Mary French,mfrench@town.aylmer.on.ca
Township of Baldwin,(705) 869-0225,karin@baldwin.ca,Vern Gorham,vgorham@baldwin.ca
Town of Bancroft,(613) 332-3331,bancroft@bancroft.ca,Paul Jenkins,pjenkins@bancroft.ca
City of Barrie,(705) 726-4242,info@barrie.ca,Jeff Lehman,officeofthemayor@barrie.ca
Municipality of Bayham,(519) 866-5521,bayham@bayham.on.ca,Ed Ketchabaw,bayham@bayham.on.ca
Township of Beckwith,(613) 257-1539,rtrimble@twp.beckwith.on.ca,Richard Kidd,rkidd@ripnet.com
City of Belleville,(613) 968-6481,mmacdonald@city.belleville.on.ca,Mitch Panciuk,mayor.panciuk@belleville.ca
Township of Billings,(705) 282-2611,billingsadmin@billingstwp.ca,Joseph Ian Anderson,billingsadmin@billingstwp.ca
Township of Black River-Matheson,(705) 273-2313,reception@blackriver-matheson.com,Gilles Laderoute,brmmayor@blackriver-matheson.com
Township of Blandford-Blenheim,(519) 463-5347,generalmail@blandfordblenheim.ca,Mark Peterson,mpeterson@blandfordblenheim.ca
Town of Blind River,(705) 356-2251,info@blindriver.ca,Sally Hagman,sally.hagman@blindriver.ca
Municipality of Bluewater,(519) 236-4351,info@municipalityofbluewater.ca,Paul Klopp,pklopp@municipalityofbluewater.ca
Township of Bonfield,(705) 776-2641,cao.clerk@bonfieldtownship.org,Randall McLaren,cao.clerk@bonfieldtownship.org
Township of Bonnechere Valley,(613) 628-3101,admin@eganville.com,Jennifer Murphy,jenniferm@eganville.com
Town of Bracebridge,(705) 645-5264,lmcdonald@bracebridge.ca,Graydon Smith,gsmith@bracebridge.ca
Town of Bradford West Gwillimbury,(905) 775-5366,info@townofbwg.com,Rob Keffer,rkeffer@townofbwg.com
City of Brampton,(905) 874-2000,cityhall@brampton.ca,Patrick Brown, MayorBrown@brampton.ca
County of Brant,(519) 449-2451,brant@brant.ca,David Bailey,David.Bailey@brant.ca
City of Brantford,(519) 759-4150,ctouzel@brantford.ca,Kevin Davis,kdavis@brantford.ca
Township of Brethour,(705) 647-1712,brethour@parolink.net,David White,brethour@parolink.net
Municipality of Brighton,(613) 475-0670,general@brighton.ca,Brian Ostrander,mayor@brighton.ca
Township of Brock,(705) 432-2355,brock@townshipofbrock.ca,Debbie Bath-Hadden,brock@townshipofbrock.ca
Municipality of Brockton,(519) 881-2223,info@brockton.ca,Chris Peabody,info@brockton.ca
City of Brockville,(613) 342-8772,info@brockville.com,Jason Baker,themayor@brockville.com
Municipality of Brooke-Alvinston,(519) 898-2173,info@brookealvinston.com,David Ferguson,mayor@brookealvinston.com 
Town of Bruce Mines,(705) 785-3493,brucemines@bellnet.ca,Lory Patteri,info@brucecounty.on.ca
County of Bruce,(519) 881-1291,info@brucecounty.on.ca,Mitch Twolan,brucemines@bellnet.ca
"Township of Brudenell, Lyndoch and Raglan",(613) 758-2061,info@blrtownship.ca,Sheldon Keller,mayor@blrtownship.ca 
Village of Burk's Falls,(705) 382-3138,admin@burksfalls.ca,Cathy Still,admin@burksfalls.ca
City of Burlington,(905) 335-7600,cob@burlington.ca,Marianne Meed Ward,mayor@burlington.ca
Township of Burpee and Mills,(705) 282-0624,burpeemills@vianet.ca,Ken Noland,burpeemills@vianet.ca
Town of Caledon,(905) 584-2272,amanda.fusco@caledon.ca,Allan Thompson,allan.thompson@caledon.ca
Municipality of Callander,(705) 752-1410,info@callander.ca,Hector Lavigne,mayor@callander.ca
Municipality of Calvin,(705) 744-2700,administration@calvintownship.ca,Ian Pennell,pennelli@ontera.net
City of Cambridge,(519) 623-1340,questions@cambridge.ca,Kathryn McGarry,mayor@cambridge.ca
Town of Carleton Place,(613) 257-6200,info@carletonplace.ca,Douglas Black,dblack@carletonplace.ca
Township of Carling,(705) 342-5856,clerksoffice@carling.ca,Mike Konoval,mkonoval@carling.ca
Township of Carlow/Mayo,(613) 332-1760,clerk@carlowmayo.ca,Bonnie Adams,bonnieadams@xplornet.ca
Township of Casey,(705) 647-7257,harlytwp@parolink.net,Guy Labonte,harlytwp@parolink.net
Village of Casselman,(613) 764-3139,info@casselman.ca,Daniel Lafleur,dlafleur@casselman.ca
Township of Cavan Monaghan,(705) 932-2929,info@cavanmonaghan.net,Scott McFadden,info@cavanmonaghan.net
Municipality of Central Elgin,(519) 631-4860,dleitch@centralelgin.org,Sally Martyn,dleitch@centralelgin.org
Township of Central Frontenac,(613) 279-2935,township@centralfrontenac.com,Frances L. Smith,mayor_smith@centralfrontenac.com
Municipality of Central Huron,(519) 482-3997,centralhuron@cabletv.on.ca,Jim Ginn,jginn@huroncounty.ca
Municipality of Central Manitoulin,(705) 377-5726,centralm@amtelecom.net,Richard Stephens,cmreeve@eastlink.ca
Municipality of Centre Hastings,(613) 473-4030,clerksoffice@centrehastings.com,Tom Deline,mayor@centrehastings.com
Township of Centre Wellington,(519) 846-9691,kokane@centrewellington.ca,Kelly Linton,kokane@centrewellington.ca
Township of Chamberlain,(705) 544-8088,dan.thibeault@chamberlaintownship.com,Kerry Stewart,dan.thibeault@chamberlaintownship.com
Township of Champlain,(613) 678-3003,info@champlain.ca,Normand Riopel,normand.riopel@champlain.ca
Township of Chapleau,(705) 864-1330,cswearengen@chapleau.ca,Michael Levesque,cswearengen@chapleau.ca
Township of Chapple,(807) 487-2354,info@chapple.on.ca,Rilla Race,info@chapple.on.ca
Municipality of Charlton and Dack,(705) 544-7525,dack@ntl.sympatico.ca,Merrill Bond,dack@ntl.sympatico.ca
Municipality of Chatham-Kent,(519) 360-1998,ckinfo@chatham-kent.ca,Darrin Canniff,CKmayor@chatham-kent.ca
Township of Chatsworth,(519) 794-3232,office@chatsworth.ca,Scott Mackey,scott.mackey@grey.ca
Township of Chisholm,(705) 724-3526,info@chisholm.ca,Leo Jobin,info@chisholm.ca
City of Clarence-Rockland,(613) 446-6022,mouellet@clarence-rockland.com,Guy Desjardins,gdesjardins@clarence-rockland.com
Municipality of Clarington,(905) 623-3379,cao@clarington.net,Adrian Foster,info@clarington.net
Township of Clearview,(705) 428-6230,pfettes@clearview.ca,Doug Measures,dmeasures@clearview.ca
Town of Cobalt,(705) 679-8877,cobalt@cobalt.ca,George Othmer,cobalt@cobalt.ca
Town of Cobourg,(905) 372-4301,webmaster@cobourg.ca,John Henderson,jhenderson@cobourg.ca
Town of Cochrane,(705) 272-4361,townhall@cochraneontario.com,Denis Clement,townhall@cochraneontario.com
Township of Cockburn Island,(705) 849-8605,brentstdenis@gmail.com,Brenda Jones,brentstdenis@gmail.com
Township of Coleman,(705) 679-8833,toc@ontera.net,Dan Cleroux,mayordancleroux@gmail.com
Town of Collingwood,(705) 445-1030,salmas@collingwood.ca,Brian Saunderson,bsaunderson@collingwood.ca
Township of Conmee,(807) 475-5229,info@conmee.com,Kevin Holland,mayorholland@conmee.com
City of Cornwall,(613) 930-2787,cityhall@cornwall.ca,Bernadette Clement,mayor@cornwall.ca
Township of Cramahe,(905) 355-2821,julie@cramahetownship.ca,Mandy Martin,info@mandymartin.ca
Township of Dawn-Euphemia,(519) 692-5148,admin@dawneuphemia.on.ca,Alan Broad,mayor@dawneuphemia.on.ca
Township of Dawson,(807) 852-3529,dawsontwp@tbaytel.net,Bill Langner,dawsontwp@tbaytel.net
Town of Deep River,(613) 584-2000,townmail@deepriver.ca,Suzanne D'Eon,sdeon@deepriver.ca
Town of Deseronto,(613) 396-2440,info@deseronto.ca,Dan Johnston,djohnston@deseronto.ca
Township of Dorion,(807) 857-2289,office@doriontownship.ca,Ed Chambers,edchambers@doriontownship.ca
Township of Douro-Dummer,(705) 652-8392,info@dourodummer.on.ca,J. Murray Jones,jjones@dourodummer.on.ca
Township of Drummond/North Elmsley,(613) 267-6500,admin@dnetownship.ca,Steve Fournier,stephenmfournier@outlook.com
City of Dryden,(807) 223-1147,generalinquiries@dryden.ca,Greg Wilson,gwilson@dryden.ca
Township of Dubreuilville,(705) 884-2340,township@dubreuilville.ca,Beverly Nantel,bnantel@dubreuilville.ca
County of Dufferin,(519) 941-2816,info@dufferincounty.ca,Andy Macintosh,sbrown@dufferincounty.ca
Regional Municipality of Durham,(905) 668-7711,clerks@durham.ca,John Henry,chair@durham.ca
Municipality of Dutton/Dunwich,(519) 762-2204,cao@duttondunwich.on.ca,Bob Purcell,BPurcell@duttondunwich.on.ca
Municipality of Dysart Et Al,(705) 457-1740,info@dysartetal.ca,Andrea Roberts,aroberts@dysartetal.ca
Township of Ear Falls,(807) 222-3624,eftownship@ear-falls.com,Kevin Kahoot,kkahoot@outlook.com
Municipality of East Ferris,(705) 752-2740,municipality@eastferris.ca,Pauline Rochefort,municipality@eastferris.ca
Township of East Garafraxa,(519) 941-1007,township@amaranth-eastgary.ca,Guy Gardhouse,township@amaranth-eastgary.ca
Town of East Gwillimbury,(905) 478-4282,town@eastgwillimbury.ca,Virginia Hackson,vhackson@eastgwillimbury.ca
Township of East Hawkesbury,(613) 674-2170,llalonde@easthawkesbury.ca,Robert Kirby,llalonde@easthawkesbury.ca
Township of East Zorra-Tavistock,(519) 462-2697,ezt@ezt.ca,Don McKay,dmckay@ezt.ca
Township of Edwardsburgh/Cardinal,(613) 658-3055,mail@twpec.ca,Patrick Sayeau,mayor@twpec.ca
County of Elgin,(519) 631-1460,jgonyou@elgin.ca,Grant Jones,jgonyou@elgin.ca
Township of Elizabethtown-Kitley,(613) 345-7480,mail@ektwp.ca,Brant Burrow,mayor@ektwp.ca
City of Elliot Lake,(705) 848-2287,info@city.elliotlake.on.ca,Dan Marchisella,info@city.elliotlake.on.ca
Township of Emo,(807) 482-2378,township@emo.ca,Harold McQuaker,hmcquaker@emo.ca
Town of Englehart,(705) 544-2244,englehrt@ntl.sympatico.ca,Nina Wallace,englehrt@ntl.sympatico.ca
Township of Enniskillen,(519) 882-2490,dmctavish@enniskillen.ca,Kevin Marriott,enniskillen@live.ca
Town of Erin,(519) 855-4407,info@erin.ca,Allan Alls,allan.alls@erin.ca
Town of Espanola,(705) 869-1540,town@espanola.ca,Jill Beer,town@espanola.ca
Township of Essa,(705) 424-9770,info@essatownship.on.ca,Sandie Macdonald,smacdonald@essatownship.on.ca
County of Essex,(519) 776-6441,mbrennan@countyofessex.on.ca,Gary McNamara,gmcnamara@tecumseh.ca  
Town of Essex,(519) 776-7336,rauger@essex.ca,Larry Snively,lsnively@essex.ca
Township of Evanturel,(705) 544-8200,clerk@evanturel.com,Derek Mundle,clerk@evanturel.com
Township of Faraday,(613) 332-3638,office@faraday.ca,Dennis J. Purcell,djpurcell@faraday.ca
Township of Fauquier-Strickland,(705) 339-2521,info@fauquierstrickland.com,Madeleine Tremblay,info@fauquierstrickland.com
Town of Fort Erie,(905) 871-1600,townhall@forterie.ca,Wayne H. Redekop,whredekop@forterie.ca
Town of Fort Frances,(807) 274-5323,town@fortfrances.ca,June Caul,jcaul@fortfrances.ca
Municipality of French River,(705) 898-2294,mbouffard@frenchriver.ca,Gisèle Pageau,gpageau@frenchriver.ca
Township of Front of Yonge,(613) 923-2251,admin@frontofyonge.com,Roger Haley,admin@frontofyonge.com
Township of Frontenac Islands,(613) 385-2216,dplumley@frontenacislands.ca,Denis Doyle,mayorhiggins@xplornet.com
County of Frontenac,(613) 548-9400,info@frontenaccounty.ca,Ron Higgins,denisdoyle@kos.net
Separated Town of Gananoque,(613) 382-2149,clerk@gananoque.ca,Ted Lojko,tlojko@gananoque.ca
Township of Gauthier,(705) 568-8951,townshipofgauthier@hotmail.com,Marie Savarie,townshipofgauthier@hotmail.com
Township of Georgian Bay,(705) 538-2337,jgunby@gbtownship.ca,Peter Koetsier,mayor.koetsier@gbtownship.ca
Township of Georgian Bluffs,(519) 376-2729,office@georgianbluffs.on.ca,Dwight Burley,dburley@georgianbluffs.on.ca
Town of Georgina,(905) 476-4301,info@georgina.ca,Margaret Quirk,mquirk@georgina.ca
Township of Gillies,(807) 475-3185,gillies@tbaytel.net,Wendy Wright,gillies@tbaytel.net
Town of Goderich,(519) 524-8344,townhall@goderich.ca,John Grace,jgrace@goderich.ca
Municipality of Gordon/Barrie Island,(705) 282-2702,clerk@gordonbarrieisland.ca,Lee Hayden,LHayden@gordonbarrieisland.ca
Town of Gore Bay,(705) 282-2420,aclarke@gorebay.ca,Dan Osborne,aclarke@gorebay.ca
Town of Grand Valley,(519) 928-5652,mail@townofgrandvalley.ca,Steve Soloman, ssoloman@townofgrandvalley.ca
Town of Gravenhurst,(705) 687-3412,reception@gravenhurst.ca,Paul Kelly,paul.kelly2@gravenhurst.ca
Township of Greater Madawaska,(613) 752-2222,admin@greatermadawaska.com,Brian Hunt,bhunt@greatermadawaska.com
Town of Greater Napanee,(613) 354-3351,info@greaternapanee.com,Marg Isbester,info@greaternapanee.com
City of Greater Sudbury,(705) 671-2489,clerks@greatersudbury.ca,Brian Bigger,mayor@greatersudbury.ca
Municipality of Greenstone,(807) 854-1100,administration@greenstone.ca,Renald Y Beaulieu,renald.beaulieu@greenstone.ca
Municipality of Grey Highlands,(519) 986-2811,info@greyhighlands.ca,Paul McQueen,selwyn.hicks@grey.ca
County of Grey,(519) 376-2205,heather.morrison@grey.ca,Selwyn Hicks,info@greyhighlands.ca
Town of Grimsby,(905) 945-9634,hsoady-easton@grimsby.ca,Jeff A. Jordan,jjordan@grimsby.ca
City of Guelph,(519) 822-1260,info@guelph.ca,Cam Guthrie,mayor@guelph.ca
Township of Guelph/Eramosa,(519) 856-9951,general@get.on.ca,Chris White,chriswhite1@cogeco.ca
Haldimand County,(905) 318-5932,info@haldimandcounty.on.ca,Ken Hewitt,info@haldimandcounty.on.ca
County of Haliburton,(705) 286-1333,info@county.haliburton.on.ca,Liz Danielsen,warden@county.haliburton.on.ca
Town of Halton Hills,(905) 873-2600,clerks@haltonhills.ca,Rick Bonnette,regionalclerk@halton.ca
Region of Halton,(905) 825-6000,regionalclerk@halton.ca,Gary Carr,Mayor@haltonhills.ca 
City of Hamilton,(905) 546-2489,clerk@hamilton.ca,Fred Eisenberger,mayor@hamilton.ca
Township of Hamilton,(905) 342-2810,info@hamiltontownship.ca,Bill Cane,mayor@hamilton.ca
Town of Hanover,(519) 364-2780,civic@hanover.ca,Sue Paterson,spaterson@hanover.ca
Township of Harley,(705) 647-5439,harlytwp@parolink.net,Pauline Archambault,harlytwp@parolink.net
Township of Harris,(705) 647-5094,harris@parolink.net,Chantal Despres,harris@parolink.net
Municipality of Hastings Highlands,(613) 338-2811,info@hastingshighlands.ca,Vic A. Bodnar,warden@hastingscounty.com
County of Hastings,(613) 966-1311,duffinj@hastingscounty.com,Rick Phillips,vbodnar@hastingshighlands.ca
Township of Havelock-Belmont-Methuen,(705) 778-2308,havbelmet@hbmtwp.ca,Jim Martin,jmartin@hbmtwp.ca
Town of Hawkesbury,(613) 632-0106,cgroulx@hawkesbury.ca,Paula Assaly,passaly@hawkesbury.ca
"United Townships of Head, Clara & Maria",(613) 586-2526,hcminfocfischer@gmail.com,Debbi Grills,hcminfocfischer@gmail.com
Town of Hearst,(705) 362-4341,townofhearst@hearst.ca,Roger Sigouin,rsigouin@hearst.ca
Municipality of Highlands East,(705) 448-2981,info@highlandseast.ca,Dave Burton,dburton@highlandseast.ca
Township of Hilliard,(705) 563-2593,twphill@parolink.net,Laurie Bolesworth,twphill@parolink.net
Village of Hilton Beach,(705) 246-2242,info@hiltonbeach.com,Robert Hope,admin@hiltontownship.ca
Township of Hilton,(705) 246-2472,admin@hiltontownship.ca,Rodney Wood,robert@springeraerospace.com
Township of Hornepayne,(807) 868-2020,jaremy.hpayne@bellnet.ca,Cheryl T. Fort,jaremy.hpayne@bellnet.ca
Township of Horton,(613) 432-6271,hdillabough@hortontownship.ca,David Bennett,info@countyofrenfrew.on.ca |
Township of Howick,(519) 335-3208,clerk@howick.ca,Doug Harding,dharding@howick.ca
Township of Hudson,(705) 647-5439,harlytwp@parolink.net,Larry Craig,harlytwp@parolink.net
Town of Huntsville,(705) 789-1751,administration@huntsville.ca,Scott Aitchison,scotta@vianet.ca
Municipality of Huron East,(519) 527-0160,webmaster@huroneast.com,Bernie MacLellan,jginn@huroncounty.ca
Municipality of Huron Shores,(705) 843-2033,email@huronshores.ca,Georges Bilodeau,mayor@huroneast.com
County of Huron,(519) 524-8394,huronadmin@huroncounty.ca,Jim Ginn,email@huronshores.ca
Township of Huron-Kinloss,(519) 395-3735,info@huronkinloss.com,Mitch Twolan,mitch@lakerangerealty.ca
Township of Ignace,(807) 934-2202,deputyclerk@town.ignace.on.ca,Donald Cunningham,dcunningham@ignace.ca
Town of Ingersoll,(519) 485-0120,ingersol@ingersoll.ca,Ted Comiskey,mayor@ingersoll.ca
Town of Innisfil,(705) 436-3710,clerk'soffice@innisfil.ca,Lynn Dollin,ldollin@innisfil.ca
Town of Iroquois Falls,(705) 232-6357,mcleanl@iroquoisfalls.com,Pat Britton,pbritton@iroquoisfalls.com
Township of James,(705) 678-2237,elklake@ntl.sympatico.ca,Terry Fiset,elklake@ntl.sympatico.ca
Township of Jocelyn,(705) 246-2025,admin@jocelyn.ca,Mark Henderson,admin@jocelyn.ca
Township of Johnson,(705) 782-6601,people@johnsontownship.ca,Blaine Mersereau,Blaine@bgmcl.ca
Township of Joly,(705) 384-5428,office@townshipofjoly.com,Tim Bryson,timbryson@townshipofjoly.com
Town of Kapuskasing,(705) 335-2341,general@kapuskasing.ca,David Plourde,general@kapuskasing.ca
City of Kawartha Lakes,(705) 324-9411,info@kawarthalakes.ca,Andy Letham,aletham@kawarthalakes.ca 
Town of Kearney,(705) 636-7752,info@townofkearney.ca,Carol Ballantyne,mayorballantyne@gmail.com
City of Kenora,(807) 467-2000,service@kenora.ca,Dan Reynard,dreynard@kenora.ca
Township of Kerns,(705) 647-5439,harlytwp@parolink.net,Terry Phillips,harlytwp@parolink.net
"Township of Killaloe, Hagarty & Richards",(613) 757-2300,lhudder@khrtownship.ca,Janice Visneskie-Moore,info@countyofrenfrew.on.ca
Municipality of Killarney,(705) 287-2424,cbeauvais@municipalityofkillarney.ca,Ginny Rook,cbeauvais@municipalityofkillarney.ca
Municipality of Kincardine,(519) 396-3468,clerk@kincardine.net,Anne Eadie,mayor@kincardine.ca
Township of King,(905) 833-5321,customerservice@king.ca,Steve Pellegrini,spellegrini@king.ca
City of Kingston,(613) 546-4291,clerks@cityofkingston.ca,Bryan Paterson,mayor@cityofkingston.ca
Town of Kingsville,(519) 733-2305,clerk@kingsville.ca,Nelson Santos,mayor@kingsville.ca
Town of Kirkland Lake,(705) 567-9361,clerk@tkl.ca,Patrick Kiely,pat.kiely@tkl.ca
City of Kitchener,(519) 741-2286,info@kitchener.ca,Berry Vrbanovic,mayor@kitchener.ca
Township of La Vallee,(807) 486-3452,lavalley@nwonet.net,Ken McKinnon,lavalley@nwonet.net
Town of LaSalle,(519) 969-7770,info@lasalle.ca,Marc A. Bondy,lairdtwp@soonet.ca
Township of Laird,(705) 248-2395,lairdtwp@soonet.ca,Dick Beitz,contact@lakeofbays.on.ca
Township of Lake of Bays,(705) 635-2272,contact@lakeofbays.on.ca,Terry Glover,lakeofthewoodstwp@tbaytel.net
Township of Lake of the Woods,(807) 852-3529,lakeofthewoodstwp@tbaytel.net,Colleen Fadden,tbain@lakeshore.ca
Town of Lakeshore,(519) 728-2700,knewman@lakeshore.ca,Tom Bain,bweber@lambtonshores.ca
Municipality of Lambton Shores,(519) 786-2335,administration@lambtonshores.ca,Bill Weber,bweber@lambtonshores.ca
County of Lambton,(519) 845-0801,administration@county-lambton.on.ca,Bill Weber,rkidd@ripnet.com
Township of Lanark Highlands,(613) 259-2398,planningdc@lanarkhighlands.ca,Peter McLaren,p.mclarenfarms@sympatico.ca
County of Lanark,(613) 267-4200,info@lanarkcounty.ca,Richard Kidd,PatriciaQuinn@larderlake.ca
Township of Larder Lake,(705) 643-2158,info@larderlake.ca,Patricia Quinn,mbondy@lasalle.ca
Town of Latchford,(705) 676-2416,jallen@latchford.ca,George Lefebvre,jallen@latchford.ca
Town of Laurentian Hills,(613) 584-3114,info@laurentianhills.ca,John Reinwald,mayor@laurentianhills.ca
Township of Laurentian Valley,(613) 735-6291,laurentian@lvtownship.ca,Steve Bennett,laurentian@lvtownship.ca
Municipality of Leamington,(519) 326-5761,info@leamington.ca,Hilda MacDonald,Council@leamington.ca
United Counties of Leeds & Grenville,(613) 342-3840,Lesley.Todd@uclg.on.ca,Doug Struthers,Lesley.Todd@uclg.on.ca
Township of Leeds and the Thousand Islands,(613) 659-2415,vanessa@townshipleeds.on.ca,Corinna Smith-Gatcke,csg@townshipleeds.on.ca
County of Lennox & Addington,(613) 354-4883,tmckenzie@lennox-addington.on.ca,Jim Hegadorn,tmckenzie@lennox-addington.on.ca
Township of Limerick,(613) 474-2863,clerk@township.limerick.on.ca,Carl Stefanski,c.stefanski@township.limerick.on.ca 
Town of Lincoln,(905) 563-8205,info@lincoln.ca,Sandra Easton,seaston@lincoln.ca
City of London,(519) 661-2489,csaunder@london.ca,Ed Holder,mayor@london.ca
Loyalist Township,(613) 386-7351,clerk@loyalist.ca,Ric Bresee,rbresee@loyalist.ca
Township of Lucan Biddulph,(519) 227-4491,rreymer@lucanbiddulph.on.ca,Cathy Burghardt-Jesson,cbjesson@lucanbiddulph.on.ca
"Township of MacDonald, Meredith & Aberdeen Add'l",(705) 248-2441,twpmacd@onlink.net,Lynn Watson,twpmacd@onlink.net
Township of Machar,(705) 386-7741,bpaulmachar@vianet.ca,Lynda Carleton,bpaulmachar@vianet.ca
Municipality of Machin,(807) 227-2633,clerktreasurer@visitmachin.com,Gordon Griffiths,clerktreasurer@visitmachin.com
Township of Madawaska Valley,(613) 756-2747,info@madawaskavalley.ca,Kim Love,info@madawaskavalley.ca
Township of Madoc,(613) 473-2677,clerk@madoc.ca,Loyde Blackburn,blackburnl@hastingscounty.com
Municipality of Magnetawan,(705) 387-3947,admin@magnetawan.com,Sam Dunnett,mayor@magnetawan.com
Township of Malahide,(519) 773-5344,malahide@malahide.ca,Dave Mennill,dmennill@malahide.ca
Township of Manitouwadge,(807) 826-3227,ckerster@manitouwadge.ca,John MacEachern,jmaceachern@manitouwadge.ca
Township of Mapleton,(519) 638-3313,mbaron@mapleton.ca,Gregg Davidson,gdavidson@mapleton.ca
Town of Marathon,(807) 229-1340,info@marathon.ca,Richard Dumas,info@marathon.ca
City of Markham,(905) 477-7000,customerservice@markham.ca,Frank Scarpitti,MayorScarpitti@markham.ca
Municipality of Markstay-Warren,(705) 853-4536,info@markstay-warren.ca,Stephen (Sal) Salonin,ssalonin@markstay-warren.ca
Municipality of Marmora and Lake,(613) 472-2629,t.graham@marmoraandlake.ca,Jan O'neill,joneill@marmoraandlake.ca
Township of Matachewan,(705) 565-2274,township@ntl.sympatico.ca,Anne Commando-Dubé,township@ntl.sympatico.ca
Town of Mattawa,(705) 744-5611,info@mattawa.ca,Dean Backer,info@mattawa.ca
Municipality of Mattawan,(705) 744-5680,mattawan@xplornet.ca,Peter Murphy,mattawan@xplornet.ca
Township of Mattice - Val Côté,(705) 364-6511,info@matticevalcote.ca,Marc Dupuis,info@matticevalcote.ca
Municipality of McDougall,(705) 342-5252,lwest@mcdougall.ca,Dale Robinson,drobinson@mcdougall.ca
Township of McGarry,(705) 634-2145,mcgarry.township@gmail.com,Matt Reimer,treasure@ntl.sympatico.ca
Township of McKellar,(705) 389-2842,admin@township.mckellar.on.ca,Peter Hopkins,pdhopkins@lycos.com 
Township of McMurrich/Monteith,(705) 685-7901,mcmurric@gmail.com,Ron Walton,ronwalton@mcmurrichmonteith.com
Township of McNab/Braeside,(613) 623-5756,info@mcnabbraeside.com,Thomas Peckett,tpeckett@mcnabbraeside.com
Municipality of Meaford,(519) 538-1060,municipal@meaford.ca,Barb Clumpus,bclumpus@meaford.ca
Township of Melancthon,(519) 925-5525,info@melancthontownship.ca,Darren White,dwhite@melancthontownship.ca
Village of Merrickville-Wolford,(613) 269-4791,reception@merrickville-wolford.ca,Doug Struthers,mayor@merrickville-wolford.ca
Municipality of Middlesex Centre,(519) 666-0190,wright@middlesexcentre.on.ca,Aina DeViet,ksmith@adelaidemetcalfe.on.ca
County of Middlesex,(519) 434-7321,kbunting@middlesex.ca,Kurtis Smith,deviet@middlesexcentre.on.ca
Town of Midland,(705) 526-4275,admin@midland.ca,Stewart Strathearn,mross@midland.ca
Town of Milton,(905) 878-7252,info@milton.ca,Gord Krantz,townclerk@milton.ca
Township of Minden Hills,(705) 286-1260,admin@mindenhills.ca,Brent Devolin,bdevolin@mindenhills.ca
Town of Minto,(519) 338-2511,annilene@town.minto.on.ca,George Bridge,gbridge@town.minto.on.ca
City of Mississauga,(905) 615-4311,public.info@mississauga.ca,Bonnie Crombie,mayor@mississauga.ca
Municipality of Mississippi Mills,(613) 256-2064,town@mississippimills.ca,Christa Lowry,clowry@mississippimills.ca
Town of Mono,(519) 941-3599,mono@townofmono.com,Laura Ryan,laura.ryan@townofmono.com?
Township of Montague,(613) 283-7478,info@township.montague.on.ca,Bill Dobson,bdobson@township.montague.on.ca
Township of Moonbeam,(705) 367-2244,cgendron@moonbeam.ca,Nicole Fortier Levesque,cgendron@moonbeam.ca
Town of Moosonee,(705) 336-2993,info@moosonee.ca,Wayne Taipale,info@moosonee.ca
Township of Morley,(807) 483-5455,townshipofmorley@gmail.com,George Heyens,townshipofmorley@gmail.com
Municipality of Morris-Turnberry,(519) 887-6137,nmichie@morristurnberry.ca,Jamie Heffer,nmichie@morristurnberry.ca
Township of Mulmur,(705) 466-3341,info@mulmur.ca,Janet Horner,jhorner@mulmur.ca
Township of Muskoka Lakes,(705) 765-3156,cmortimer@muskokalakes.ca,Phil Harding,john.klinck@districtcouncil.ca
The District Municipality of Muskoka,(705) 645-2231,info@muskoka.on.ca,John Klinck,pharding@muskokalakes.ca
Township of Nairn & Hyman,(705) 869-4232,information@nairncentre.ca,Laurier Falldien,information@nairncentre.ca
Municipality of Neebing,(807) 474-5331,neebing@neebing.org,Erwin Butikofer,mayor@neebing.org 
Town of New Tecumseth,(705) 435-3900,info@newtecumseth.ca,Rick Milne,rmilne@newtecumseth.ca
Village of Newbury,(519) 693-4941,office@newbury.ca,Dianne Brewer,office@newbury.ca
Town of Newmarket,(905) 895-5193,info@newmarket.ca,John Taylor, jtaylor@newmarket.ca
City of Niagara Falls,(905) 356-7521,diorfida@niagarafalls.ca,Jim Diodati,albert.witteveen@niagararegion.ca
Region of Niagara,(905) 980-6000,clerk@niagararegion.ca,Albert Witteveen,diodati@niagarafalls.ca
Town of Niagara-on-the-Lake,(905) 468-3266,info@notl.org,Betty Disero,betty.disero@notl.com  
Township of Nipigon,(807) 887-3135,info@nipigon.net,Richard Harvey,mayor@nipigon.net
Township of Nipissing,(705) 724-2144,admin@nipissingtownship.com,Tom Piper,admin@nipissingtownship.com
Norfolk County,(519) 426-5870,askus@norfolkcounty.ca,Kristal Chopp,mayor@norfolkcounty.ca
Township of North Algona Wilberforce,(613) 628-2080,naw@nalgonawil.com,James Brose,jbrose@nalgonawil.com
City of North Bay,(705) 474-0400,customerservice@cityofnorthbay.ca,Al McDonald,mayor@cityofnorthbay.ca
Township of North Dumfries,(519) 632-8800,mail@northdumfries.ca,Sue Foxton,mail@northdumfries.ca
Township of North Dundas,(613) 774-2105,info@northdundas.com,Tony Fraser,tfraser@northdundas.com
Township of North Frontenac,(613) 479-2231,info@northfrontenac.ca,Ron Higgins,mayorhiggins@xplornet.com
Township of North Glengarry,(613) 525-1110,cao@northglengarry.ca,Jamie MacDonald,cao@northglengarry.ca
Municipality of North Grenville,(613) 258-9569,clerk@northgrenville.on.ca,Nancy Peckford,npeckford@northgrenville.on.ca
Township of North Huron,(519) 357-3550,ral@northhuron.ca,Bernie Bailey,bbailey@northhuron.ca
Township of North Kawartha,(705) 656-4445,reception@northkawartha.on.ca,Carolyn Amyotte,reception@northkawartha.on.ca
Municipality of North Middlesex,(519) 294-6244,jackiet@northmiddlesex.on.ca,Brian Ropp,mayor@northmiddlesex.on.ca
Municipality of North Perth,(519) 291-2950,fhale@northperth.ca,Todd Kasenberg,fhale@northperth.ca
Township of North Stormont,(613) 984-2821,admin@northstormont.ca,Jim Wert,jwert@northstormont.ca
Town of Northeastern Manitoulin and the Islands,(705) 368-3500,info@townofnemi.on.ca,Alan MacNevin,amacnevin@townofnemi.on.ca
Municipality of Northern Bruce Peninsula,(519) 793-3522,info@northernbruce.ca,Milt McIver,mayor@northernbruce.ca 
County of Northumberland,(905) 372-3329,macdonaldn@northumberlandcounty.ca,Mandy Martin,macdonaldn@northumberlandcounty.ca
Township of Norwich,(519) 468-2410,kkruger@norwich.ca,Larry Martin,lmartin@norwich.ca
Township of O'Connor,(807) 476-1451,twpoconn@tbaytel.net,Jim Vezina,service@oakville.ca
Town of Oakville,(905) 845-6601,serviceoakville@oakville.ca,Rob Burton,twpoconn@tbaytel.net
Village of Oil Springs,(519) 834-2939,oilsprings@ciaccess.com,Ian Veen,mayor.veen@oilsprings.ca
Municipality of Oliver-Paipoonge,(807) 935-2613,info@oliverpaipoonge.on.ca,Lucy Kloosterhuis,mayor.lucy@tbaytel.net
Township of Opasatika,(705) 369-4531,twpopas@persona.ca,Denis Dorval,twpopas@persona.ca
Town of Orangeville,(519) 941-0440,info@orangeville.ca,Sandy Brown,sbrown@orangeville.ca
City of Orillia,(705) 325-1311,clerks@orillia.ca,Steve Clarke,mayor@orillia.ca
Township of Oro-Medonte,(705) 487-2171,info@oro-medonte.ca,Harry Hughes,harry.hughes@oro-medonte.ca
City of Oshawa,(905) 436-3311,infoservices@oshawa.ca,Dan Carter,mayor@oshawa.ca
Township of Otonabee-South Monaghan,(705) 295-6852,info@osmtownship.ca,Joe Taylor,info@osmtownship.ca
City of Ottawa,(613) 580-2400,info@ottawa.ca,Jim Watson,Jim.Watson@ottawa.ca
City of Owen Sound,(519) 376-1440,cityadmin@owensound.ca,Ian Boddy,Feedback@owensound.ca
County of Oxford,(519) 539-9800,btabor@oxfordcounty.ca,Larry Martin,lmartin@norwich.ca
Township of Papineau-Cameron,(705) 744-5610,admin@papineaucameron.ca,Robert Corriveau,mayorbob@hotmail.com
Town of Parry Sound,(705) 746-2101,rmens@townofparrysound.com,Jamie McGarvey,jmcgarvey@townofparrysound.com
Region of Peel,(905) 791-7800,info@peelregion.ca,Johanna Downey,johanna.downey@caledon.ca
Township of Pelee,(519) 724-2931,info@pelee.ca,Raymond Durocher,ray.durocher@pelee.ca
Town of Pelham,(905) 892-2607,clerks@pelham.ca,Marvin Junkin,mjunkin@pelham.ca
City of Pembroke,(613) 735-6821,pembroke@pembroke.ca,Michael LeMay,mlemay@pembroke.ca
Town of Penetanguishene,(705) 549-7453,cao@penetanguishene.ca,Doug Leroux,adubeau@penetanguishene.ca
Township of Perry,(705) 636-5941,info@townshipofperry.ca,Norm Hofstetter,norm.hofstetter@townshipofperry.ca
Township of Perth East,(519) 595-2800,township@pertheast.ca,Rhonda Ehgoetz,jfenik@perth.ca
Township of Perth South,(519) 271-0619,township@perthsouth.ca,Robert Wilhelm,jfenik@perth.ca
County of Perth,(519) 271-0531,clerk@perthcounty.ca,Walter McKenzie,township@pertheast.ca
Town of Perth,(613) 267-3311,cao@perth.ca,John Fenik,mayor@perthsouth.ca
Town of Petawawa,(613) 687-5536,email@petawawa.ca,Bob Sweet,mayor@petawawa.ca
City of Peterborough,(705) 742-7777,cityptbo@peterborough.ca,Diane Therrien,dtherrien@peterborough.ca
County of Peterborough,(705) 743-0380,info@ptbocounty.ca,Andy Mitchell,dtherrien@peterborough.ca
Town of Petrolia,(519) 882-2350,petrolia@petrolia.ca,Brad Loosley,bloosley@petrolia.ca
City of Pickering,(905) 420-2222,info@pickering.ca,Dave Ryan,mayor@pickering.ca
Township of Pickle Lake,(807) 928-2034,reception@picklelake.org,Dwight Monck,mayor-dmonck@picklelake.org
Township of Plummer Additional,(705) 785-3479,plumtwsp@onlink.net,Beth West,bethwest@xplornet.com
Town of Plympton-Wyoming,(519) 845-3351,info@plympton-wyoming.ca,Lonny Napper,info@plympton-wyoming.ca
Village of Point Edward,(519) 337-3021,jburns@villageofpointedward.com,Bev Hand,bhand@villageofpointedward.com
City of Port Colborne,(905) 835-2900,cityclerk@portcolborne.ca,Bill Steele,mayor@portcolborne.ca
Municipality of Port Hope,(905) 885-4544,admin@porthope.ca,Bob Sanderson,mayor@porthope.ca 
Municipality of Powassan,(705) 724-2813,info@powassan.net,Peter McIsaac,pmcisaac@powassan.net
United Counties of Prescott & Russell,(613) 675-4661,administration@prescott-russell.on.ca,Pierre Leroux,btodd@prescott.ca
Town of Prescott,(613) 925-2812,info@prescott.ca,Brett Todd,pierreleroux@russell.ca
County of Prince Edward,(613) 476-2148,vleskie@pecounty.on.ca,Steve Ferguson,klamming@princetwp.ca
Township of Prince,(705) 779-2992,lorraine@twp.prince.on.ca,Ken Lamming,vleskie@pecounty.on.ca
Township of Puslinch,(519) 763-1226,admin@puslinch.ca,James Seeley,jamess@wellington.ca
City of Quinte West,(613) 392-2841,kevinh@quintewest.ca,Jim Harrison,kevinh@quintewest.ca
Town of Rainy River,(807) 852-3244,rainyriver@tbaytel.net,Debbie Ewald,rainyriver@tbaytel.net
Township of Ramara,(705) 484-5374,ramara@ramara.ca,Basil Clarke,bclarke@ramara.ca
Municipality of Red Lake,(807) 735-2096,municipality@redlake.ca,Fred Mota,fred.mota@redlake.ca
Township of Red Rock,(807) 886-2245,cao@shawbiz.ca,Gary Nelson,cao@shawbiz.ca
County of Renfrew,(613) 735-7288,info@countyofrenfrew.on.ca,Cathy Regier,info@countyofrenfrew.on.ca
Town of Renfrew,(613) 432-4848,info@renfrew.ca,Don Eady,deady@renfrew.ca
Town of Richmond Hill,(905) 771-8800,access@richmondhill.ca,Dave Barrow,officemayor@richmondhill.ca 
Township of Rideau Lakes,(613) 928-2251,info@twprideaulakes.on.ca,Arie Hoogenboom,mayor@twprideaulakes.on.ca
Township of Russell,(613) 443-3066,info@russell.ca,Pierre Leroux,pierreleroux@russell.ca
Township of Ryerson,(705) 382-3232,admin@ryersontownship.ca,George Sterling,admin@ryersontownship.ca
Township of Sables-Spanish Rivers,(705) 865-2646,inquiries@sables-spanish.ca,Leslie Gamble,inquiries@sables-spanish.ca
City of Sarnia,(519) 332-0330,clerks@sarnia.ca,Mike Bradley,mayor@sarnia.ca
Town of Saugeen Shores,(519) 832-2008,clerk@saugeenshores.ca,Luke Charbonneau,LCharbonneau@brucecounty.on.ca
City of Sault Ste. Marie,(705) 759-2500,info@cityssm.on.ca,Christian Provenzano,mayor.provenzano@cityssm.on.ca
Township of Schreiber,(807) 824-2711,clerk@schreiber.ca,Dave Hamilton,mayor@schreiber.ca
Township of Scugog,(905) 985-7346,mail@scugog.ca,Bobbie Drew,bdrew@scugog.ca
Township of Seguin,(705) 732-4300,info@seguin.ca,Ann MacDiarmid,annmacdiarmid@seguin.ca
Township of Selwyn,(705) 292-9507,twpsel@nexicom.net,Andy Mitchell,twpsel@nexicom.net
Township of Severn,(705) 325-2315,HSander@townshipofsevern.com,Mike Burkett,mburkett@townshipofsevern.com
Town of Shelburne,(519) 925-2600,assistant@shelburne.ca,Wade Mills,assistant@shelburne.ca
Municipality of Shuniah,(807) 683-4545,shuniah@shuniah.org,Wendy Landry,wlandry@shuniah.org
County of Simcoe,(705) 726-9300,info@simcoe.ca,Sylvia Bray,mayor@norfolkcounty.ca 
Municipality of Sioux Lookout,(807) 737-2700,admin@siouxlookout.ca,Doug Lawrance,admin@siouxlookout.ca
Township of Sioux Narrows-Nestor Falls,(807) 226-5241,info@snnf.ca,Norbert Dufresne,info@snnf.ca
Town of Smiths Falls,(613) 283-4124,clerk@smithsfalls.ca,Shawn Pankow,mayor@smithsfalls.ca
Town of Smooth Rock Falls,(705) 338-2717,townhall@townsrf.ca,Michel Arseneault,mayor@townsrf.ca
Township of South Algonquin,(613) 637-2650,info@southalgonquin.ca,Jane Dumas,mayor@southalgonquin.ca
Town of South Bruce Peninsula,(519) 534-1400,admin@southbrucepeninsula.com,Janice Jackson,RBuckle@brucecounty.on.ca
Municipality of South Bruce,(519) 392-6623,clerk@southbruce.ca,Robert Buckle,JJackson@brucecounty.on.ca
Municipality of South Dundas,(613) 543-2673,mail@southdundas.com,Steven Byvelds,sbyvelds@southdundas.com
Township of South Frontenac,(613) 376-3027,admin@southfrontenac.net,Ron Vandewal,admin@southfrontenac.net
Township of South Glengarry,(613) 347-1166,info@southglengarry.com,Frank Prevost,info@southglengarry.com
Municipality of South Huron,(519) 235-0310,info@southhuron.ca,George Finch,gfinch@southhuron.ca
Village of South River,(705) 386-2573,info@southriverontario.com,Jim Coleman,info@southriverontario.com
Township of South Stormont,(613) 534-8889,info@southstormont.ca,Bryan McGillis,info@southstormont.ca
Township of South-West Oxford,(519) 485-0477,cao@swox.org,David Mayberry,jwoodbury@southgate.ca
Township of Southgate,(519) 923-2110,info@southgate.ca,John Woodbury,amayhew@southwestmiddlesex.ca
Municipality of Southwest Middlesex,(519) 287-2015,info@southwestmiddlesex.ca,Allan Mayhew,mayor@swox.org
Township of Southwold,(519) 769-2010,southwold@southwold.ca,Grant Jones,mayorgjones@southwold.ca
Town of Spanish,(705) 844-2300,info@townofspanish.com,Jocelyne Bishop,info@townofspanish.com
Township of Springwater,(705) 728-4784,info@springwater.ca,Don Allen,info@springwater.ca
City of St. Catharines,(905) 688-5601,clerks@stcatharines.ca,Walter Sendzik,mayor@stcatharines.ca 
Municipality of St. Charles,(705) 867-2032,jbarbe@stcharlesontario.ca,Paul Schoppmann,pschoppmann@stcharlesontario.ca 
Township of St. Clair,(519) 867-2021,jbaranek@stclairtownship.ca,Steve Arnold,steve.arnold@county-lambton.on.ca
Township of St. Joseph,(705) 246-2625,stjoeadmin@bellnet.ca,Jody Wildman,stjoeadmin@bellnet.ca
Town of St. Marys,(519) 284-2340,general@townofstmarys.com,Al Strathdee,general@townofstmarys.com
City of St. Thomas,(519) 631-1680,info@stthomas.ca,Joe Preston,mayor@stthomas.ca
Township of Stirling-Rawdon,(613) 395-3380,info@stirling-rawdon.com,Bob Mullin,mayor@stirling-rawdon.com
Township of Stone Mills,(613) 378-2475,bbrooks@stonemills.com,Eric Smith,esmith@stonemills.com 
"United Counties of Stormont, Dundas & Glengarry",(613) 932-1515,info@sdgcounties.ca,Lyle Warden,lylewarden@southglengarry.com
City of Stratford,(519) 271-0250,cao@stratford.ca,Dan Mathieson,mayor@townofstratford.com
Municipality of Strathroy-Caradoc,(519) 245-1070,general@strathroy-caradoc.ca,Joanne Vanderheyden,general@strathroy-caradoc.ca
Township of Strong,(705) 384-5819,clerk@strongtownship.com,Kelly Elik,mayor@strongtownship.com
Village of Sundridge,(705) 384-5316,admin@sundridge.ca,Lyle Hall,lyle@sundridge.ca
Township of Tarbutt,(705) 782-6776,tarbutttownship@bellnet.ca,Chris Burton,tarbutttownship@bellnet.ca
Tay Valley Township,(613) 267-5353,cao@tayvalleytwp.ca,Brian Campbell,tedwalkerformayor@gmail.com
Township of Tay,(705) 534-7248,taytownship@tay.ca,Ted Walker,cao@tayvalleytwp.ca
Town of Tecumseh,(519) 735-2184,info@tecumseh.ca,Gary McNamara,gmcnamara@tecumseh.ca
Township of Tehkummah,(705) 859-3293,twptehk@amtelecom.net,David Jaggard,davidtehkcouncil@eastlink.ca
Municipality of Temagami,(705) 569-3421,visit@temagami.ca,Dan O'Mara,visit@temagami.ca
City of Temiskaming Shores,(705) 672-3363,dtreen@temiskamingshores.ca,Carman Kidd,dtreen@temiskamingshores.ca
Township of Terrace Bay,(807) 825-3315,cao@terracebay.ca,Jody Davis,mayor@terracebay.ca
Municipality of Thames Centre,(519) 268-7334,inquiries@thamescentre.on.ca,Alison Warwick,awarwick@thamescentre.on.ca
Township of The Archipelago,(705) 746-4243,mweaver@thearchipelago.on.ca,Bert Liverance,bert@colishcreations.com
Town of The Blue Mountains,(519) 599-3131,info@thebluemountains.ca,Alar Soever,info@thebluemountains.ca
The Nation Municipality,(613) 764-5444,jbrizard@nationmun.ca,François St-Amour,Francois.St-Amour@nationmun.ca
Township of The North Shore,(705) 849-2213,twpns@ontera.net,Randi Condie,rcondie@townshipofthenorthshore.ca
Town of Thessalon,(705) 842-2217,townthess@bellnet.ca,Bill Rosenberg,townthess@bellnet.ca
Village of Thornloe,(705) 563-2375,reynald.rivard@armstrong.ca,Earl Read,reynald.rivard@armstrong.ca
City of Thorold,(905) 227-6613,clerk@thorold.com,Terry Ugulini,terry.ugulini@niagararegion.ca
City of Thunder Bay,(807) 625-2230,jhannam@thunderbay.ca,Bill Mauro,bmauro@thunderbay.ca
Town of Tillsonburg,(519) 688-3009,dewilson@tillsonburg.ca,Stephen Molnar,smolnar@tillsonburg.ca
City of Timmins,(705) 264-1331,clerks@timmins.ca,George Pirie,mayor@timmins.ca
Township of Tiny,(705) 526-4204,dluker@tiny.ca,George Cornell,mayorcornell@tiny.ca
City of Toronto,(416) 392-2489,clerk@toronto.ca,John Tory,mayor_tory@toronto.ca
Municipality of Trent Hills,(705) 653-1900,info@trenthills.ca,Bob Crate,info@trenthills.ca
Municipality of Trent Lakes,(705) 738-3800,pkemp@trentlakes.ca,Janet Clarkson,jclarkson@trentlakes.ca
Township of Tudor & Cashel,(613) 474-2583,clerk@tudorandcashel.com,Libby Clarke,reeve@tudorandcashel.com
Municipality of Tweed,(613) 478-2535,info@twp.tweed.on.ca,Jo-Anne Albert,reeve@twp.tweed.on.ca
Township of Tyendinaga,(613) 396-1944,clerk@tyendinagatownship.com,Rick Phillips,jenkinsp@hastingscounty.com
Township of Uxbridge,(905) 852-9181,info@town.uxbridge.on.ca,Dave Barton,dbarton@uxbridge.ca
Township of Val Rita-Harty,(705) 335-6146,administration@valharty.ca,Johanne Baril,johanne.baril@hotmail.com
City of Vaughan,(905) 832-2281,clerks@vaughan.ca,Maurizio Bevilacqua,council@vaughan.ca
Township of Wainfleet,(905) 899-3463,across@wainfleet.ca,Kevin Gibson,kgibson@wainfleet.ca
Township of Warwick,(519) 849-3926,info@warwicktownship.ca,Jackie Rombouts,info@warwicktownship.ca
Town of Wasaga Beach,(705) 429-3844,clerk@wasagabeach.com,Nina Bifolchi, mayor@wasagabeach.com
City of Waterloo,(519) 886-1550,webmaster@waterloo.ca,Dave Jaworsky,council@waterloo.ca
Region of Waterloo,(519) 575-4400,lwetzel@regionofwaterloo.ca,Karen Redman,council@waterloo.ca
Municipality of Wawa,(705) 856-2244,info@wawa.cc,Ron Rody,info@wawa.cc
City of Welland,(905) 735-1700,clerk@welland.ca,Frank Campion,mayor@welland.ca
Township of Wellesley,(519) 699-4611,gkosch@wellesley.ca,Joe Nowak,jnowak@wellesley.ca
Township of Wellington North,(519) 848-3620,township@wellington-north.com,Andy Lennox,scottw@wellington.ca
County of Wellington,(519) 837-2600,scottw@wellington.ca,Kelly Linton,alennox@wellington-north.ca
Municipality of West Elgin,(519) 785-0560,westelgin@westelgin.net,Duncan McPhail,dmcphail@westelgin.net
Municipality of West Grey,(519) 369-2200,info@westgrey.com,Christine Robinson,mayor@westgrey.com
Township of West Lincoln,(905) 957-3346,reception@westlincoln.ca,David Bylsma,dbylsma@westlincoln.ca
Municipality of West Nipissing,(705) 753-2250,jbarbeau@westnipissing.ca,Joanne Savage,jsavage@westnipissing.ca
Municipality of West Perth,(519) 348-8429,info@westperth.com,Walter McKenzie,info@westperth.com
Village of Westport,(613) 273-2191,amkoiner@villageofwestport.ca,Robin Jones,rjones@villageofwestport.ca
Town of Whitby,(905) 668-5803,info@whitby.ca,Don Mitchell,mayor@whitby.ca
Town of Whitchurch-Stouffville,(905) 640-1900,clerks@townofws.ca,Iain Lovatt,iain.lovatt@townofws.ca
Township of White River,(807) 822-2450,info@whiteriver.ca,Angelo Bazzoni,info@whiteriver.ca
Municipality of Whitestone,(705) 389-2466,info@whitestone.ca,Chris Armstrong,mayor.armstrong@whitestone.ca
Township of Whitewater Region,(613) 646-2282,info@whitewaterregion.ca,Michael Moore,mayormoore@whitewaterregion.ca
Township of Wilmot,(519) 634-8444,info@wilmot.ca,Les Armstrong,info@wilmot.ca
City of Windsor,(519) 255-2489,311@citywindsor.ca,Drew Dilkens,mayoro@citywindsor.ca?
Township of Wollaston,(613) 337-5731,clerk@wollaston.ca,Barbara Shaw,bshaw@wollaston.ca
City of Woodstock,(519) 539-1291,information@cityofwoodstock.ca,Trevor Birtch,tbirtch@woodstock.ca
Township of Woolwich,(519) 669-1647,woolwich.mail@woolwich.ca,Sandy Shantz,mayor@woolwich.ca
Regional Municipality of York,(905) 830-4444,info@york.ca,Wayne Emmerson,wayne.emmerson@york.ca
Township of Zorra,(519) 485-2490,clerk@zorra.on.ca,Marcus Ryan,mryan@zorra.ca
